[
    {
        "pk": 5, 
        "model": "contenttypes.contenttype", 
        "fields": {
            "model": "contenttype", 
            "name": "content type", 
            "app_label": "contenttypes"
        }
    }, 
    {
        "pk": 2, 
        "model": "contenttypes.contenttype", 
        "fields": {
            "model": "group", 
            "name": "group", 
            "app_label": "auth"
        }
    }, 
    {
        "pk": 8, 
        "model": "contenttypes.contenttype", 
        "fields": {
            "model": "logentry", 
            "name": "log entry", 
            "app_label": "admin"
        }
    }, 
    {
        "pk": 4, 
        "model": "contenttypes.contenttype", 
        "fields": {
            "model": "message", 
            "name": "message", 
            "app_label": "auth"
        }
    }, 
    {
        "pk": 9, 
        "model": "contenttypes.contenttype", 
        "fields": {
            "model": "migrationhistory", 
            "name": "migration history", 
            "app_label": "south"
        }
    }, 
    {
        "pk": 1, 
        "model": "contenttypes.contenttype", 
        "fields": {
            "model": "permission", 
            "name": "permission", 
            "app_label": "auth"
        }
    }, 
    {
        "pk": 6, 
        "model": "contenttypes.contenttype", 
        "fields": {
            "model": "session", 
            "name": "session", 
            "app_label": "sessions"
        }
    }, 
    {
        "pk": 7, 
        "model": "contenttypes.contenttype", 
        "fields": {
            "model": "site", 
            "name": "site", 
            "app_label": "sites"
        }
    }, 
    {
        "pk": 11, 
        "model": "contenttypes.contenttype", 
        "fields": {
            "model": "todaylesson", 
            "name": "today lesson", 
            "app_label": "today"
        }
    }, 
    {
        "pk": 3, 
        "model": "contenttypes.contenttype", 
        "fields": {
            "model": "user", 
            "name": "user", 
            "app_label": "auth"
        }
    }, 
    {
        "pk": 13, 
        "model": "contenttypes.contenttype", 
        "fields": {
            "model": "group", 
            "name": "\u0433\u0440\u0443\u043f\u043f\u0430", 
            "app_label": "core"
        }
    }, 
    {
        "pk": 10, 
        "model": "contenttypes.contenttype", 
        "fields": {
            "model": "lesson", 
            "name": "\u0437\u0430\u043d\u044f\u0442\u0438\u0435", 
            "app_label": "core"
        }
    }, 
    {
        "pk": 14, 
        "model": "contenttypes.contenttype", 
        "fields": {
            "model": "subject", 
            "name": "\u043f\u0440\u0435\u0434\u043c\u0435\u0442", 
            "app_label": "core"
        }
    }, 
    {
        "pk": 12, 
        "model": "contenttypes.contenttype", 
        "fields": {
            "model": "semester", 
            "name": "\u0441\u0435\u043c\u0435\u0441\u0442\u0440", 
            "app_label": "core"
        }
    }, 
    {
        "pk": "e91c9794fc4a626a92608e79503a4c5a", 
        "model": "sessions.session", 
        "fields": {
            "expire_date": "2011-06-15 17:46:24", 
            "session_data": "YWE0YjA1ZGNiZjFlMWY5YzRlYWNmOWUwZDE1ZWM0ZjYzNzQyM2U0NDqAAn1xAShVEl9hdXRoX3Vz\nZXJfYmFja2VuZHECVSlkamFuZ28uY29udHJpYi5hdXRoLmJhY2tlbmRzLk1vZGVsQmFja2VuZHED\nVQ1fYXV0aF91c2VyX2lkcQRLAnUu\n"
        }
    }, 
    {
        "pk": "9c94a7d007b7155413ab0bd1efc28236", 
        "model": "sessions.session", 
        "fields": {
            "expire_date": "2011-06-15 18:23:47", 
            "session_data": "NGQyZDViMTAzMWFmMDA5Zjc0MWFiZDkwZTk1MzUwYjdlM2ZiNmIxYjqAAn1xAShVEl9hdXRoX3Vz\nZXJfYmFja2VuZHECVSlkamFuZ28uY29udHJpYi5hdXRoLmJhY2tlbmRzLk1vZGVsQmFja2VuZHED\nVQ1fYXV0aF91c2VyX2lkcQRLAXUu\n"
        }
    }, 
    {
        "pk": "ac15b7ed6296992bda79dc2b1d0b694d", 
        "model": "sessions.session", 
        "fields": {
            "expire_date": "2011-06-16 07:19:52", 
            "session_data": "YWE0YjA1ZGNiZjFlMWY5YzRlYWNmOWUwZDE1ZWM0ZjYzNzQyM2U0NDqAAn1xAShVEl9hdXRoX3Vz\nZXJfYmFja2VuZHECVSlkamFuZ28uY29udHJpYi5hdXRoLmJhY2tlbmRzLk1vZGVsQmFja2VuZHED\nVQ1fYXV0aF91c2VyX2lkcQRLAnUu\n"
        }
    }, 
    {
        "pk": "78bb62d9c9eda7f49d028944d4a1010e", 
        "model": "sessions.session", 
        "fields": {
            "expire_date": "2011-06-16 08:16:36", 
            "session_data": "YWE0YjA1ZGNiZjFlMWY5YzRlYWNmOWUwZDE1ZWM0ZjYzNzQyM2U0NDqAAn1xAShVEl9hdXRoX3Vz\nZXJfYmFja2VuZHECVSlkamFuZ28uY29udHJpYi5hdXRoLmJhY2tlbmRzLk1vZGVsQmFja2VuZHED\nVQ1fYXV0aF91c2VyX2lkcQRLAnUu\n"
        }
    }, 
    {
        "pk": 1, 
        "model": "sites.site", 
        "fields": {
            "domain": "example.com", 
            "name": "example.com"
        }
    }, 
    {
        "pk": 19, 
        "model": "admin.logentry", 
        "fields": {
            "action_flag": 2, 
            "action_time": "2011-06-02 08:24:11", 
            "object_repr": "01.02.2011 - 15.06.2011", 
            "object_id": "1", 
            "change_message": "\u0418\u0437\u043c\u0435\u043d\u0435\u043d end_date.", 
            "user": 2, 
            "content_type": 12
        }
    }, 
    {
        "pk": 18, 
        "model": "admin.logentry", 
        "fields": {
            "action_flag": 2, 
            "action_time": "2011-06-02 08:23:57", 
            "object_repr": "01.02.2011 - 02.06.2011", 
            "object_id": "1", 
            "change_message": "\u0418\u0437\u043c\u0435\u043d\u0435\u043d end_date.", 
            "user": 2, 
            "content_type": 12
        }
    }, 
    {
        "pk": 17, 
        "model": "admin.logentry", 
        "fields": {
            "action_flag": 3, 
            "action_time": "2011-06-02 08:18:03", 
            "object_repr": "\u041e\u041f\u0410 | 2011", 
            "object_id": "4", 
            "change_message": "", 
            "user": 2, 
            "content_type": 14
        }
    }, 
    {
        "pk": 16, 
        "model": "admin.logentry", 
        "fields": {
            "action_flag": 2, 
            "action_time": "2011-06-02 08:16:27", 
            "object_repr": "\u043f\u0440\u0435\u043f\u043e\u0434\u043e\u0432\u0430\u0442\u0435\u043b\u0438", 
            "object_id": "1", 
            "change_message": "\u0418\u0437\u043c\u0435\u043d\u0435\u043d permissions.", 
            "user": 1, 
            "content_type": 2
        }
    }, 
    {
        "pk": 15, 
        "model": "admin.logentry", 
        "fields": {
            "action_flag": 1, 
            "action_time": "2011-06-02 08:15:21", 
            "object_repr": "\u041e\u041f\u0410 | 2011", 
            "object_id": "4", 
            "change_message": "", 
            "user": 2, 
            "content_type": 14
        }
    }, 
    {
        "pk": 14, 
        "model": "admin.logentry", 
        "fields": {
            "action_flag": 1, 
            "action_time": "2011-06-01 18:26:23", 
            "object_repr": "\u041e\u0410\u0421 (\u043b\u0435\u043a\u0446.) | 2011", 
            "object_id": "3", 
            "change_message": "", 
            "user": 1, 
            "content_type": 14
        }
    }, 
    {
        "pk": 13, 
        "model": "admin.logentry", 
        "fields": {
            "action_flag": 1, 
            "action_time": "2011-06-01 18:25:41", 
            "object_repr": "\u0422\u0410\u0423 (\u043f\u0440\u0430\u043a\u0442.) | 2011", 
            "object_id": "2", 
            "change_message": "", 
            "user": 1, 
            "content_type": 14
        }
    }, 
    {
        "pk": 12, 
        "model": "admin.logentry", 
        "fields": {
            "action_flag": 2, 
            "action_time": "2011-06-01 18:25:06", 
            "object_repr": "\u0422\u0410\u0423 (\u043b\u0435\u043a\u0446.) | 2011", 
            "object_id": "1", 
            "change_message": "\u0418\u0437\u043c\u0435\u043d\u0435\u043d start_datetime.", 
            "user": 1, 
            "content_type": 14
        }
    }, 
    {
        "pk": 11, 
        "model": "admin.logentry", 
        "fields": {
            "action_flag": 3, 
            "action_time": "2011-06-01 18:24:13", 
            "object_repr": "\u0422\u0410\u0423 (\u043f\u0440\u0430\u043a\u0442.) | 2011", 
            "object_id": "2", 
            "change_message": "", 
            "user": 1, 
            "content_type": 14
        }
    }, 
    {
        "pk": 10, 
        "model": "admin.logentry", 
        "fields": {
            "action_flag": 2, 
            "action_time": "2011-06-01 17:52:16", 
            "object_repr": "\u0422\u0410\u0423 (\u043f\u0440\u0430\u043a\u0442.) | 2011", 
            "object_id": "2", 
            "change_message": "\u0418\u0437\u043c\u0435\u043d\u0435\u043d start_datetime.", 
            "user": 2, 
            "content_type": 14
        }
    }, 
    {
        "pk": 9, 
        "model": "admin.logentry", 
        "fields": {
            "action_flag": 2, 
            "action_time": "2011-06-01 17:46:17", 
            "object_repr": "\u043f\u0440\u0435\u043f\u043e\u0434\u043e\u0432\u0430\u0442\u0435\u043b\u0438", 
            "object_id": "1", 
            "change_message": "\u0418\u0437\u043c\u0435\u043d\u0435\u043d permissions.", 
            "user": 1, 
            "content_type": 2
        }
    }, 
    {
        "pk": 8, 
        "model": "admin.logentry", 
        "fields": {
            "action_flag": 1, 
            "action_time": "2011-06-01 17:45:16", 
            "object_repr": "\u0422\u0410\u0423 (\u043f\u0440\u0430\u043a\u0442.) | 2011", 
            "object_id": "2", 
            "change_message": "", 
            "user": 1, 
            "content_type": 14
        }
    }, 
    {
        "pk": 7, 
        "model": "admin.logentry", 
        "fields": {
            "action_flag": 1, 
            "action_time": "2011-06-01 17:45:05", 
            "object_repr": "\u0418\u0410-71", 
            "object_id": "2", 
            "change_message": "", 
            "user": 1, 
            "content_type": 13
        }
    }, 
    {
        "pk": 6, 
        "model": "admin.logentry", 
        "fields": {
            "action_flag": 2, 
            "action_time": "2011-06-01 17:38:30", 
            "object_repr": "prepod", 
            "object_id": "2", 
            "change_message": "\u0418\u0437\u043c\u0435\u043d\u0435\u043d username.", 
            "user": 1, 
            "content_type": 3
        }
    }, 
    {
        "pk": 5, 
        "model": "admin.logentry", 
        "fields": {
            "action_flag": 1, 
            "action_time": "2011-06-01 10:32:13", 
            "object_repr": "\u0422\u0410\u0423 (\u043b\u0435\u043a\u0446.) | 2011", 
            "object_id": "1", 
            "change_message": "", 
            "user": 2, 
            "content_type": 14
        }
    }, 
    {
        "pk": 4, 
        "model": "admin.logentry", 
        "fields": {
            "action_flag": 1, 
            "action_time": "2011-06-01 10:31:38", 
            "object_repr": "\u0418\u0410-62", 
            "object_id": "1", 
            "change_message": "", 
            "user": 2, 
            "content_type": 13
        }
    }, 
    {
        "pk": 3, 
        "model": "admin.logentry", 
        "fields": {
            "action_flag": 1, 
            "action_time": "2011-06-01 10:31:04", 
            "object_repr": "01.02.2011 - 15.06.2011", 
            "object_id": "1", 
            "change_message": "", 
            "user": 2, 
            "content_type": 12
        }
    }, 
    {
        "pk": 2, 
        "model": "admin.logentry", 
        "fields": {
            "action_flag": 2, 
            "action_time": "2011-06-01 10:28:43", 
            "object_repr": "t0ster", 
            "object_id": "2", 
            "change_message": "\u0418\u0437\u043c\u0435\u043d\u0435\u043d is_superuser \u0438 groups.", 
            "user": 1, 
            "content_type": 3
        }
    }, 
    {
        "pk": 1, 
        "model": "admin.logentry", 
        "fields": {
            "action_flag": 1, 
            "action_time": "2011-06-01 10:28:26", 
            "object_repr": "\u043f\u0440\u0435\u043f\u043e\u0434\u043e\u0432\u0430\u0442\u0435\u043b\u0438", 
            "object_id": "1", 
            "change_message": "", 
            "user": 1, 
            "content_type": 2
        }
    }, 
    {
        "pk": 1, 
        "model": "south.migrationhistory", 
        "fields": {
            "applied": "2011-06-01 10:27:04", 
            "app_name": "core", 
            "migration": "0001_initial"
        }
    }, 
    {
        "pk": 1, 
        "model": "core.semester", 
        "fields": {
            "start_date": "2011-02-01", 
            "end_date": "2011-06-15"
        }
    }, 
    {
        "pk": 1, 
        "model": "core.group", 
        "fields": {
            "name": "\u0418\u0410-62"
        }
    }, 
    {
        "pk": 2, 
        "model": "core.group", 
        "fields": {
            "name": "\u0418\u0410-71"
        }
    }, 
    {
        "pk": 1, 
        "model": "core.subject", 
        "fields": {
            "start_datetime": "2011-02-02 10:00:00", 
            "semester": 1, 
            "group": 1, 
            "name": "\u0422\u0410\u0423 (\u043b\u0435\u043a\u0446.)", 
            "per2weeks": false
        }
    }, 
    {
        "pk": 2, 
        "model": "core.subject", 
        "fields": {
            "start_datetime": "2011-02-03 10:00:00", 
            "semester": 1, 
            "group": 2, 
            "name": "\u0422\u0410\u0423 (\u043f\u0440\u0430\u043a\u0442.)", 
            "per2weeks": false
        }
    }, 
    {
        "pk": 3, 
        "model": "core.subject", 
        "fields": {
            "start_datetime": "2011-02-04 10:00:00", 
            "semester": 1, 
            "group": 1, 
            "name": "\u041e\u0410\u0421 (\u043b\u0435\u043a\u0446.)", 
            "per2weeks": false
        }
    }, 
    {
        "pk": 1, 
        "model": "core.lesson", 
        "fields": {
            "canceled": false, 
            "start_datetime": "2011-02-02 10:00:00", 
            "subject": 1
        }
    }, 
    {
        "pk": 21, 
        "model": "core.lesson", 
        "fields": {
            "canceled": false, 
            "start_datetime": "2011-02-03 10:00:00", 
            "subject": 2
        }
    }, 
    {
        "pk": 40, 
        "model": "core.lesson", 
        "fields": {
            "canceled": false, 
            "start_datetime": "2011-02-04 10:00:00", 
            "subject": 3
        }
    }, 
    {
        "pk": 2, 
        "model": "core.lesson", 
        "fields": {
            "canceled": false, 
            "start_datetime": "2011-02-09 10:00:00", 
            "subject": 1
        }
    }, 
    {
        "pk": 22, 
        "model": "core.lesson", 
        "fields": {
            "canceled": false, 
            "start_datetime": "2011-02-10 10:00:00", 
            "subject": 2
        }
    }, 
    {
        "pk": 41, 
        "model": "core.lesson", 
        "fields": {
            "canceled": false, 
            "start_datetime": "2011-02-11 10:00:00", 
            "subject": 3
        }
    }, 
    {
        "pk": 3, 
        "model": "core.lesson", 
        "fields": {
            "canceled": false, 
            "start_datetime": "2011-02-16 10:00:00", 
            "subject": 1
        }
    }, 
    {
        "pk": 23, 
        "model": "core.lesson", 
        "fields": {
            "canceled": false, 
            "start_datetime": "2011-02-17 10:00:00", 
            "subject": 2
        }
    }, 
    {
        "pk": 42, 
        "model": "core.lesson", 
        "fields": {
            "canceled": false, 
            "start_datetime": "2011-02-18 10:00:00", 
            "subject": 3
        }
    }, 
    {
        "pk": 4, 
        "model": "core.lesson", 
        "fields": {
            "canceled": false, 
            "start_datetime": "2011-02-23 10:00:00", 
            "subject": 1
        }
    }, 
    {
        "pk": 24, 
        "model": "core.lesson", 
        "fields": {
            "canceled": false, 
            "start_datetime": "2011-02-24 10:00:00", 
            "subject": 2
        }
    }, 
    {
        "pk": 43, 
        "model": "core.lesson", 
        "fields": {
            "canceled": false, 
            "start_datetime": "2011-02-25 10:00:00", 
            "subject": 3
        }
    }, 
    {
        "pk": 5, 
        "model": "core.lesson", 
        "fields": {
            "canceled": false, 
            "start_datetime": "2011-03-02 10:00:00", 
            "subject": 1
        }
    }, 
    {
        "pk": 25, 
        "model": "core.lesson", 
        "fields": {
            "canceled": false, 
            "start_datetime": "2011-03-03 10:00:00", 
            "subject": 2
        }
    }, 
    {
        "pk": 44, 
        "model": "core.lesson", 
        "fields": {
            "canceled": false, 
            "start_datetime": "2011-03-04 10:00:00", 
            "subject": 3
        }
    }, 
    {
        "pk": 6, 
        "model": "core.lesson", 
        "fields": {
            "canceled": false, 
            "start_datetime": "2011-03-09 10:00:00", 
            "subject": 1
        }
    }, 
    {
        "pk": 26, 
        "model": "core.lesson", 
        "fields": {
            "canceled": false, 
            "start_datetime": "2011-03-10 10:00:00", 
            "subject": 2
        }
    }, 
    {
        "pk": 45, 
        "model": "core.lesson", 
        "fields": {
            "canceled": false, 
            "start_datetime": "2011-03-11 10:00:00", 
            "subject": 3
        }
    }, 
    {
        "pk": 7, 
        "model": "core.lesson", 
        "fields": {
            "canceled": false, 
            "start_datetime": "2011-03-16 10:00:00", 
            "subject": 1
        }
    }, 
    {
        "pk": 27, 
        "model": "core.lesson", 
        "fields": {
            "canceled": false, 
            "start_datetime": "2011-03-17 10:00:00", 
            "subject": 2
        }
    }, 
    {
        "pk": 46, 
        "model": "core.lesson", 
        "fields": {
            "canceled": false, 
            "start_datetime": "2011-03-18 10:00:00", 
            "subject": 3
        }
    }, 
    {
        "pk": 8, 
        "model": "core.lesson", 
        "fields": {
            "canceled": false, 
            "start_datetime": "2011-03-23 10:00:00", 
            "subject": 1
        }
    }, 
    {
        "pk": 28, 
        "model": "core.lesson", 
        "fields": {
            "canceled": false, 
            "start_datetime": "2011-03-24 10:00:00", 
            "subject": 2
        }
    }, 
    {
        "pk": 47, 
        "model": "core.lesson", 
        "fields": {
            "canceled": false, 
            "start_datetime": "2011-03-25 10:00:00", 
            "subject": 3
        }
    }, 
    {
        "pk": 9, 
        "model": "core.lesson", 
        "fields": {
            "canceled": false, 
            "start_datetime": "2011-03-30 10:00:00", 
            "subject": 1
        }
    }, 
    {
        "pk": 29, 
        "model": "core.lesson", 
        "fields": {
            "canceled": false, 
            "start_datetime": "2011-03-31 10:00:00", 
            "subject": 2
        }
    }, 
    {
        "pk": 48, 
        "model": "core.lesson", 
        "fields": {
            "canceled": false, 
            "start_datetime": "2011-04-01 10:00:00", 
            "subject": 3
        }
    }, 
    {
        "pk": 10, 
        "model": "core.lesson", 
        "fields": {
            "canceled": false, 
            "start_datetime": "2011-04-06 10:00:00", 
            "subject": 1
        }
    }, 
    {
        "pk": 30, 
        "model": "core.lesson", 
        "fields": {
            "canceled": false, 
            "start_datetime": "2011-04-07 10:00:00", 
            "subject": 2
        }
    }, 
    {
        "pk": 49, 
        "model": "core.lesson", 
        "fields": {
            "canceled": false, 
            "start_datetime": "2011-04-08 10:00:00", 
            "subject": 3
        }
    }, 
    {
        "pk": 11, 
        "model": "core.lesson", 
        "fields": {
            "canceled": false, 
            "start_datetime": "2011-04-13 10:00:00", 
            "subject": 1
        }
    }, 
    {
        "pk": 31, 
        "model": "core.lesson", 
        "fields": {
            "canceled": false, 
            "start_datetime": "2011-04-14 10:00:00", 
            "subject": 2
        }
    }, 
    {
        "pk": 50, 
        "model": "core.lesson", 
        "fields": {
            "canceled": false, 
            "start_datetime": "2011-04-15 10:00:00", 
            "subject": 3
        }
    }, 
    {
        "pk": 12, 
        "model": "core.lesson", 
        "fields": {
            "canceled": false, 
            "start_datetime": "2011-04-20 10:00:00", 
            "subject": 1
        }
    }, 
    {
        "pk": 32, 
        "model": "core.lesson", 
        "fields": {
            "canceled": false, 
            "start_datetime": "2011-04-21 10:00:00", 
            "subject": 2
        }
    }, 
    {
        "pk": 51, 
        "model": "core.lesson", 
        "fields": {
            "canceled": false, 
            "start_datetime": "2011-04-22 10:00:00", 
            "subject": 3
        }
    }, 
    {
        "pk": 13, 
        "model": "core.lesson", 
        "fields": {
            "canceled": false, 
            "start_datetime": "2011-04-27 10:00:00", 
            "subject": 1
        }
    }, 
    {
        "pk": 33, 
        "model": "core.lesson", 
        "fields": {
            "canceled": false, 
            "start_datetime": "2011-04-28 10:00:00", 
            "subject": 2
        }
    }, 
    {
        "pk": 52, 
        "model": "core.lesson", 
        "fields": {
            "canceled": false, 
            "start_datetime": "2011-04-29 10:00:00", 
            "subject": 3
        }
    }, 
    {
        "pk": 14, 
        "model": "core.lesson", 
        "fields": {
            "canceled": false, 
            "start_datetime": "2011-05-04 10:00:00", 
            "subject": 1
        }
    }, 
    {
        "pk": 34, 
        "model": "core.lesson", 
        "fields": {
            "canceled": false, 
            "start_datetime": "2011-05-05 10:00:00", 
            "subject": 2
        }
    }, 
    {
        "pk": 53, 
        "model": "core.lesson", 
        "fields": {
            "canceled": false, 
            "start_datetime": "2011-05-06 10:00:00", 
            "subject": 3
        }
    }, 
    {
        "pk": 15, 
        "model": "core.lesson", 
        "fields": {
            "canceled": false, 
            "start_datetime": "2011-05-11 10:00:00", 
            "subject": 1
        }
    }, 
    {
        "pk": 35, 
        "model": "core.lesson", 
        "fields": {
            "canceled": false, 
            "start_datetime": "2011-05-12 10:00:00", 
            "subject": 2
        }
    }, 
    {
        "pk": 54, 
        "model": "core.lesson", 
        "fields": {
            "canceled": false, 
            "start_datetime": "2011-05-13 10:00:00", 
            "subject": 3
        }
    }, 
    {
        "pk": 16, 
        "model": "core.lesson", 
        "fields": {
            "canceled": false, 
            "start_datetime": "2011-05-18 10:00:00", 
            "subject": 1
        }
    }, 
    {
        "pk": 36, 
        "model": "core.lesson", 
        "fields": {
            "canceled": false, 
            "start_datetime": "2011-05-19 10:00:00", 
            "subject": 2
        }
    }, 
    {
        "pk": 55, 
        "model": "core.lesson", 
        "fields": {
            "canceled": false, 
            "start_datetime": "2011-05-20 10:00:00", 
            "subject": 3
        }
    }, 
    {
        "pk": 17, 
        "model": "core.lesson", 
        "fields": {
            "canceled": false, 
            "start_datetime": "2011-05-25 10:00:00", 
            "subject": 1
        }
    }, 
    {
        "pk": 37, 
        "model": "core.lesson", 
        "fields": {
            "canceled": false, 
            "start_datetime": "2011-05-26 10:00:00", 
            "subject": 2
        }
    }, 
    {
        "pk": 56, 
        "model": "core.lesson", 
        "fields": {
            "canceled": false, 
            "start_datetime": "2011-05-27 10:00:00", 
            "subject": 3
        }
    }, 
    {
        "pk": 18, 
        "model": "core.lesson", 
        "fields": {
            "canceled": false, 
            "start_datetime": "2011-06-01 10:00:00", 
            "subject": 1
        }
    }, 
    {
        "pk": 38, 
        "model": "core.lesson", 
        "fields": {
            "canceled": false, 
            "start_datetime": "2011-06-02 10:00:00", 
            "subject": 2
        }
    }, 
    {
        "pk": 57, 
        "model": "core.lesson", 
        "fields": {
            "canceled": false, 
            "start_datetime": "2011-06-03 10:00:00", 
            "subject": 3
        }
    }, 
    {
        "pk": 19, 
        "model": "core.lesson", 
        "fields": {
            "canceled": false, 
            "start_datetime": "2011-06-08 10:00:00", 
            "subject": 1
        }
    }, 
    {
        "pk": 39, 
        "model": "core.lesson", 
        "fields": {
            "canceled": false, 
            "start_datetime": "2011-06-09 10:00:00", 
            "subject": 2
        }
    }, 
    {
        "pk": 58, 
        "model": "core.lesson", 
        "fields": {
            "canceled": false, 
            "start_datetime": "2011-06-10 10:00:00", 
            "subject": 3
        }
    }, 
    {
        "pk": 20, 
        "model": "core.lesson", 
        "fields": {
            "canceled": false, 
            "start_datetime": "2011-06-15 10:00:00", 
            "subject": 1
        }
    }, 
    {
        "pk": 22, 
        "model": "auth.permission", 
        "fields": {
            "codename": "add_logentry", 
            "name": "Can add log entry", 
            "content_type": 8
        }
    }, 
    {
        "pk": 23, 
        "model": "auth.permission", 
        "fields": {
            "codename": "change_logentry", 
            "name": "Can change log entry", 
            "content_type": 8
        }
    }, 
    {
        "pk": 24, 
        "model": "auth.permission", 
        "fields": {
            "codename": "delete_logentry", 
            "name": "Can delete log entry", 
            "content_type": 8
        }
    }, 
    {
        "pk": 4, 
        "model": "auth.permission", 
        "fields": {
            "codename": "add_group", 
            "name": "Can add group", 
            "content_type": 2
        }
    }, 
    {
        "pk": 5, 
        "model": "auth.permission", 
        "fields": {
            "codename": "change_group", 
            "name": "Can change group", 
            "content_type": 2
        }
    }, 
    {
        "pk": 6, 
        "model": "auth.permission", 
        "fields": {
            "codename": "delete_group", 
            "name": "Can delete group", 
            "content_type": 2
        }
    }, 
    {
        "pk": 10, 
        "model": "auth.permission", 
        "fields": {
            "codename": "add_message", 
            "name": "Can add message", 
            "content_type": 4
        }
    }, 
    {
        "pk": 11, 
        "model": "auth.permission", 
        "fields": {
            "codename": "change_message", 
            "name": "Can change message", 
            "content_type": 4
        }
    }, 
    {
        "pk": 12, 
        "model": "auth.permission", 
        "fields": {
            "codename": "delete_message", 
            "name": "Can delete message", 
            "content_type": 4
        }
    }, 
    {
        "pk": 1, 
        "model": "auth.permission", 
        "fields": {
            "codename": "add_permission", 
            "name": "Can add permission", 
            "content_type": 1
        }
    }, 
    {
        "pk": 2, 
        "model": "auth.permission", 
        "fields": {
            "codename": "change_permission", 
            "name": "Can change permission", 
            "content_type": 1
        }
    }, 
    {
        "pk": 3, 
        "model": "auth.permission", 
        "fields": {
            "codename": "delete_permission", 
            "name": "Can delete permission", 
            "content_type": 1
        }
    }, 
    {
        "pk": 7, 
        "model": "auth.permission", 
        "fields": {
            "codename": "add_user", 
            "name": "Can add user", 
            "content_type": 3
        }
    }, 
    {
        "pk": 8, 
        "model": "auth.permission", 
        "fields": {
            "codename": "change_user", 
            "name": "Can change user", 
            "content_type": 3
        }
    }, 
    {
        "pk": 9, 
        "model": "auth.permission", 
        "fields": {
            "codename": "delete_user", 
            "name": "Can delete user", 
            "content_type": 3
        }
    }, 
    {
        "pk": 13, 
        "model": "auth.permission", 
        "fields": {
            "codename": "add_contenttype", 
            "name": "Can add content type", 
            "content_type": 5
        }
    }, 
    {
        "pk": 14, 
        "model": "auth.permission", 
        "fields": {
            "codename": "change_contenttype", 
            "name": "Can change content type", 
            "content_type": 5
        }
    }, 
    {
        "pk": 15, 
        "model": "auth.permission", 
        "fields": {
            "codename": "delete_contenttype", 
            "name": "Can delete content type", 
            "content_type": 5
        }
    }, 
    {
        "pk": 34, 
        "model": "auth.permission", 
        "fields": {
            "codename": "add_group", 
            "name": "Can add \u0433\u0440\u0443\u043f\u043f\u0430", 
            "content_type": 13
        }
    }, 
    {
        "pk": 35, 
        "model": "auth.permission", 
        "fields": {
            "codename": "change_group", 
            "name": "Can change \u0433\u0440\u0443\u043f\u043f\u0430", 
            "content_type": 13
        }
    }, 
    {
        "pk": 36, 
        "model": "auth.permission", 
        "fields": {
            "codename": "delete_group", 
            "name": "Can delete \u0433\u0440\u0443\u043f\u043f\u0430", 
            "content_type": 13
        }
    }, 
    {
        "pk": 40, 
        "model": "auth.permission", 
        "fields": {
            "codename": "add_lesson", 
            "name": "Can add \u0437\u0430\u043d\u044f\u0442\u0438\u0435", 
            "content_type": 10
        }
    }, 
    {
        "pk": 28, 
        "model": "auth.permission", 
        "fields": {
            "codename": "add_todaylesson", 
            "name": "Can add today lesson", 
            "content_type": 10
        }
    }, 
    {
        "pk": 41, 
        "model": "auth.permission", 
        "fields": {
            "codename": "change_lesson", 
            "name": "Can change \u0437\u0430\u043d\u044f\u0442\u0438\u0435", 
            "content_type": 10
        }
    }, 
    {
        "pk": 29, 
        "model": "auth.permission", 
        "fields": {
            "codename": "change_todaylesson", 
            "name": "Can change today lesson", 
            "content_type": 10
        }
    }, 
    {
        "pk": 42, 
        "model": "auth.permission", 
        "fields": {
            "codename": "delete_lesson", 
            "name": "Can delete \u0437\u0430\u043d\u044f\u0442\u0438\u0435", 
            "content_type": 10
        }
    }, 
    {
        "pk": 30, 
        "model": "auth.permission", 
        "fields": {
            "codename": "delete_todaylesson", 
            "name": "Can delete today lesson", 
            "content_type": 10
        }
    }, 
    {
        "pk": 31, 
        "model": "auth.permission", 
        "fields": {
            "codename": "add_semester", 
            "name": "Can add \u0441\u0435\u043c\u0435\u0441\u0442\u0440", 
            "content_type": 12
        }
    }, 
    {
        "pk": 32, 
        "model": "auth.permission", 
        "fields": {
            "codename": "change_semester", 
            "name": "Can change \u0441\u0435\u043c\u0435\u0441\u0442\u0440", 
            "content_type": 12
        }
    }, 
    {
        "pk": 33, 
        "model": "auth.permission", 
        "fields": {
            "codename": "delete_semester", 
            "name": "Can delete \u0441\u0435\u043c\u0435\u0441\u0442\u0440", 
            "content_type": 12
        }
    }, 
    {
        "pk": 37, 
        "model": "auth.permission", 
        "fields": {
            "codename": "add_subject", 
            "name": "Can add \u043f\u0440\u0435\u0434\u043c\u0435\u0442", 
            "content_type": 14
        }
    }, 
    {
        "pk": 38, 
        "model": "auth.permission", 
        "fields": {
            "codename": "change_subject", 
            "name": "Can change \u043f\u0440\u0435\u0434\u043c\u0435\u0442", 
            "content_type": 14
        }
    }, 
    {
        "pk": 39, 
        "model": "auth.permission", 
        "fields": {
            "codename": "delete_subject", 
            "name": "Can delete \u043f\u0440\u0435\u0434\u043c\u0435\u0442", 
            "content_type": 14
        }
    }, 
    {
        "pk": 16, 
        "model": "auth.permission", 
        "fields": {
            "codename": "add_session", 
            "name": "Can add session", 
            "content_type": 6
        }
    }, 
    {
        "pk": 17, 
        "model": "auth.permission", 
        "fields": {
            "codename": "change_session", 
            "name": "Can change session", 
            "content_type": 6
        }
    }, 
    {
        "pk": 18, 
        "model": "auth.permission", 
        "fields": {
            "codename": "delete_session", 
            "name": "Can delete session", 
            "content_type": 6
        }
    }, 
    {
        "pk": 19, 
        "model": "auth.permission", 
        "fields": {
            "codename": "add_site", 
            "name": "Can add site", 
            "content_type": 7
        }
    }, 
    {
        "pk": 20, 
        "model": "auth.permission", 
        "fields": {
            "codename": "change_site", 
            "name": "Can change site", 
            "content_type": 7
        }
    }, 
    {
        "pk": 21, 
        "model": "auth.permission", 
        "fields": {
            "codename": "delete_site", 
            "name": "Can delete site", 
            "content_type": 7
        }
    }, 
    {
        "pk": 25, 
        "model": "auth.permission", 
        "fields": {
            "codename": "add_migrationhistory", 
            "name": "Can add migration history", 
            "content_type": 9
        }
    }, 
    {
        "pk": 26, 
        "model": "auth.permission", 
        "fields": {
            "codename": "change_migrationhistory", 
            "name": "Can change migration history", 
            "content_type": 9
        }
    }, 
    {
        "pk": 27, 
        "model": "auth.permission", 
        "fields": {
            "codename": "delete_migrationhistory", 
            "name": "Can delete migration history", 
            "content_type": 9
        }
    }, 
    {
        "pk": 1, 
        "model": "auth.group", 
        "fields": {
            "name": "\u043f\u0440\u0435\u043f\u043e\u0434\u043e\u0432\u0430\u0442\u0435\u043b\u0438", 
            "permissions": [
                34, 
                35, 
                36, 
                42, 
                31, 
                32, 
                33, 
                37, 
                38, 
                39
            ]
        }
    }, 
    {
        "pk": 1, 
        "model": "auth.user", 
        "fields": {
            "username": "root", 
            "first_name": "", 
            "last_name": "", 
            "is_active": true, 
            "is_superuser": true, 
            "is_staff": true, 
            "last_login": "2011-06-02 08:15:51", 
            "groups": [], 
            "user_permissions": [], 
            "password": "sha1$3a5fb$d34de23b426f2a437c91c12a76c6763f7d4650d7", 
            "email": "root@toor.com", 
            "date_joined": "2011-06-01 10:25:09"
        }
    }, 
    {
        "pk": 2, 
        "model": "auth.user", 
        "fields": {
            "username": "prepod", 
            "first_name": "", 
            "last_name": "", 
            "is_active": true, 
            "is_superuser": false, 
            "is_staff": true, 
            "last_login": "2011-06-02 08:16:36", 
            "groups": [
                1
            ], 
            "user_permissions": [], 
            "password": "sha1$c6ebe$4c8579676d5920895f46942f6314dbec2ce94dde", 
            "email": "tos@ter.com", 
            "date_joined": "2011-06-01 10:25:28"
        }
    }
]
